subject,Scene,NarrativeVerifiableDetails_JD,LowConfidenceVerifiableDetails_JD,PerceptualVerifiableDetails_JD,Repetitions_JD,Transitions_JD,OtherDetails_JD,CharacterSwitch_JD,ContextSwitch_JD,Comments_JD,NarrativeVerifibleDetails_EM,LowConfidenceVerifiableDetails_EM,PerceptualVerifiableDetails_EM,Repetitions_EM,Transitions_EM,OtherDetails_EM,CharacterSwitch_EM,ContextSwitch_EM,Comments_EM
999,A,14,0,1,,,,,,,11,0,5,,,,,,
999,B,44,0,0,,,,,,,40,0,10,,,,,,
999,C,18,0,2,,,,,,,10,0,6,,,,,,
999,D,37,0,5,,,,,,,20,2,3,,,,,,
999,E,47,1,3,,,,,,,35,2,4,,,,,,
999,F,6,0,0,,,,,,,4,0,0,,,,,,
999,G,38,0,0,,,,,,,27,0,3,,,,,,
999,H,9,0,0,,,,,,,7,0,0,,,,,,
999,I,10,0,0,,,,,,,7,0,1,,,,,,
999,J,22,0,0,,,,,,,17,0,0,,,,,,
999,K,0,0,0,,,,,,,0,0,0,,,,,,
999,L,9,0,1,,,,,,,4,0,1,,,,,,
999,Either,0,0,0,0,5,19,0,0,0,2,0,1,1,8,19,1,0,Character switch with Maggie
999,Integrated,1,0,0,,,,,,,3,0,0,,,,,,
201,A,14,0,0,,,,,,,10,0,1,,,,,,
201,B,9,1,0,,,,,,,5,4,0,,,,,,
201,C,15,0,0,,,,,,,12,0,0,,,,,,
201,D,22,0,3,,,,,,,20,0,2,,,,,,
201,E,18,1,0,,,,,,,12,1,0,,,,,,
201,F,4,0,0,,,,,,,2,0,0,,,,,,
201,G,34,0,0,,,,,,,25,0,0,,,,,,
201,H,7,0,0,,,,,,,12,0,0,,,,,,
201,I,4,0,3,,,,,,,5,0,0,,,,,,
201,J,0,0,0,,,,,,,0,0,0,,,,,,
201,K,15,1,1,,,,,,,18,0,2,,,,,,
201,L,7,0,1,,,,,,,3,2,0,,,,,,
201,Either,0,0,0,4,1,40,1,0,character switch with the caterer's assistant,3,1,0,6,3,40,1,0,character switch with caterer's assistant
201,Integrated,5,0,0,,,,,,,0,3,0,,,,,,
202,A,15,0,0,,,,,,,11,1,1,,,,,,
202,B,31,0,0,,,,,,,25,0,1,,,,,,
202,C,7,0,0,,,,,,,7,0,0,,,,,,
202,D,27,0,3,,,,,,,21,0,1,,,,,,
202,E,39,0,2,,,,,,,24,0,3,,,,,,
202,F,0,0,0,,,,,,,3,0,0,,,,,,
202,G,19,0,0,,,,,,,14,0,0,,,,,,
202,H,8,0,0,,,,,,,7,0,0,,,,,,
202,I,4,0,0,,,,,,,2,0,1,,,,,,
202,J,0,0,0,,,,,,,0,0,0,,,,,,
202,K,16,0,2,,,,,,,14,0,1,,,,,,
202,L,8,0,0,,,,,,,7,0,0,,,,,,
202,Either,0,0,0,12,1,64,0,0,0,2,1,0,10,1,56,1,0,character switch with larry
202,Integrated,1,0,0,,,,,,,0,0,0,,,,,,
203,A,5,0,1,,,,,,,6,0,1,,,,,,
203,B,14,1,1,,,,,,,12,1,2,,,,,,
203,C,12,0,1,,,,,,,11,0,2,,,,,,
203,D,20,1,0,,,,,,,17,0,3,,,,,,
203,E,11,1,1,,,,,,,6,0,1,,,,,,
203,F,0,0,0,,,,,,,0,0,0,,,,,,
203,G,20,0,0,,,,,,,15,1,0,,,,,,
203,H,4,0,0,,,,,,,7,1,0,,,,,,
203,I,4,0,1,,,,,,,2,0,2,,,,,,
203,J,23,1,0,,,,,,,18,2,1,,,,,,
203,K,0,0,0,,,,,,,1,0,0,,,,,,
203,L,0,0,0,,,,,,,0,0,0,,,,,,
203,Either,0,0,0,4,2,32,0,0,0,2,2,0,1,5,28,6,1,
203,Integrated,3,0,0,,,,,,,6,0,0,,,,,,
204,A,8,0,2,,,,,,,8,0,2,,,,,,
204,B,16,0,0,,,,,,,16,0,0,,,,,,
204,C,0,0,0,,,,,,,0,0,0,,,,,,
204,D,10,0,0,,,,,,,9,0,0,,,,,,
204,E,9,0,0,,,,,,,3,0,0,,,,,,
204,F,0,0,0,,,,,,,0,0,0,,,,,,
204,G,5,0,0,,,,,,,13,0,0,,,,,,
204,H,7,0,0,,,,,,,5,0,0,,,,,,
204,I,0,0,0,,,,,,,2,0,2,,,,,,
204,J,0,0,0,,,,,,,0,0,0,,,,,,
204,K,6,0,1,,,,,,,6,0,0,,,,,,
204,L,0,0,0,,,,,,,0,0,0,,,,,,
204,Either,0,0,0,2,2,42,0,0,0,5,0,0,0,2,45,0,0,
204,Integrated,8,0,0,,,,,,,4,0,3,,,,,,
205,A,6,1,2,,,,,,,7,0,0,,,,,,
205,B,19,0,0,,,,,,,22,0,0,,,,,,
205,C,17,0,0,,,,,,,10,0,3,,,,,,
205,D,22,0,2,,,,,,,17,0,5,,,,,,
205,E,33,1,8,,,,,,,31,1,10,,,,,,
205,F,0,0,0,,,,,,,0,0,0,,,,,,
205,G,41,0,0,,,,,,,39,1,0,,,,,,
205,H,9,1,0,,,,,,,9,1,0,,,,,,
205,I,0,0,0,,,,,,,0,0,0,,,,,,
205,J,17,0,0,,,,,,,13,0,1,,,,,,
205,K,17,0,0,,,,,,,16,0,0,,,,,,
205,L,0,0,0,,,,,,,0,0,0,,,,,,
205,Either,0,0,1,12,6,76,4,5,character switch with Jeff,3,1,0,6,10,90,11,4,
205,Integrated,2,0,0,,,,,,,4,0,0,,,,,,
206,A,13,0,2,,,,,,,10,0,2,,,,,,
206,B,14,0,0,,,,,,,12,0,0,,,,,,
206,C,0,0,0,,,,,,,0,0,0,,,,,,
206,D,10,0,0,,,,,,,14,0,2,,,,,,
206,E,9,0,0,,,,,,,4,0,1,,,,,,
206,F,1,0,0,,,,,,,0,0,0,,,,,,
206,G,17,0,0,,,,,,,15,0,0,,,,,,
206,H,2,0,0,,,,,,,4,0,0,,,,,,
206,I,4,0,1,,,,,,,3,0,2,,,,,,
206,J,12,2,0,,,,,,,8,0,1,,,,,,
206,K,6,0,1,,,,,,,8,0,1,,,,,,
206,L,0,0,0,,,,,,,0,0,0,,,,,,
206,Either,1,0,0,16,6,24,0,0,0,5,1,0,5,6,25,0,0,
206,Integrated,6,0,0,,,,,,,5,0,0,,,,,,
207,A,16,0,2,,,,,,,14,0,2,,,,,,
207,B,15,0,2,,,,,,,10,0,1,,,,,,
207,C,8,0,0,,,,,,,3,0,0,,,,,,
207,D,41,0,2,,,,,,,24,0,3,,,,,,
207,E,39,0,1,,,,,,,26,0,1,,,,,,
207,F,7,0,0,,,,,,,5,0,0,,,,,,
207,G,30,0,2,,,,,,,24,0,3,,,,,,
207,H,7,0,0,,,,,,,3,0,0,,,,,,
207,I,4,0,0,,,,,,,4,0,0,,,,,,
207,J,20,0,2,,,,,,,11,0,3,,,,,,
207,K,4,0,2,,,,,,,5,0,1,,,,,,
207,L,5,2,0,,,,,,,3,3,2,,,,,,
207,Either,0,0,0,25,5,39,4,2,character switch with Julie,1,0,0,23,7,47,2,0,character switch with Jeff
207,Integrated,2,0,0,,,,,,,18,0,0,,,,,,
208,A,16,0,2,,,,,,,11,0,2,,,,,,
208,B,25,0,1,,,,,,,15,0,1,,,,,,
208,C,10,0,2,,,,,,,7,0,0,,,,,,
208,D,21,0,1,,,,,,,14,0,1,,,,,,
208,E,33,3,0,,,,,,,16,2,2,,,,,,
208,F,7,0,0,,,,,,,4,0,1,,,,,,
208,G,28,0,1,,,,,,,20,0,2,,,,,,
208,H,6,0,0,,,,,,,7,0,0,,,,,,
208,I,2,0,0,,,,,,,2,0,1,,,,,,
208,J,22,0,0,,,,,,,21,0,1,,,,,,
208,K,12,0,1,,,,,,,10,0,3,,,,,,
208,L,5,0,2,,,,,,,1,2,3,,,,,,
208,Either,0,0,1,24,4,39,0,0,0,3,0,0,13,5,53,2,0,character switch with caterer's assistant
208,Integrated,6,0,0,,,,,,,6,0,0,,,,,,
209,A,6,0,2,,,,,,,7,0,2,,,,,,
209,B,16,4,0,,,,,,,16,2,0,,,,,,
209,C,8,0,0,,,,,,,8,0,2,,,,,,
209,D,16,0,2,,,,,,,17,0,2,,,,,,
209,E,19,2,1,,,,,,,15,2,0,,,,,,
209,F,0,0,0,,,,,,,0,0,0,,,,,,
209,G,20,0,0,,,,,,,18,0,0,,,,,,
209,H,4,0,0,,,,,,,4,0,0,,,,,,
209,I,2,0,0,,,,,,,2,0,2,,,,,,
209,J,13,0,0,,,,,,,10,0,0,,,,,,
209,K,0,0,0,,,,,,,0,0,0,,,,,,
209,L,5,0,0,,,,,,,5,0,0,,,,,,
209,Either,0,1,0,8,2,34,0,0,0,2,1,1,8,2,57,0,0,
209,Integrated,9,0,0,,,,,,,6,3,0,,,,,,
210,A,7,0,1,,,,,,,3,0,1,,,,,,
210,B,11,0,0,,,,,,,5,0,0,,,,,,
210,C,3,0,0,,,,,,,3,0,0,,,,,,
210,D,10,0,1,,,,,,,10,0,1,,,,,,
210,E,10,1,2,,,,,,,6,1,0,,,,,,
210,F,0,0,0,,,,,,,1,0,0,,,,,,
210,G,13,0,0,,,,,,,7,0,0,,,,,,
210,H,0,0,0,,,,,,,3,0,0,,,,,,
210,I,2,0,2,,,,,,,2,0,2,,,,,,
210,J,0,0,0,,,,,,,0,0,0,,,,,,
210,K,0,0,0,,,,,,,1,0,0,,,,,,
210,L,6,0,0,,,,,,,3,0,0,,,,,,
210,Either,0,0,0,1,2,18,2,0,character switch with the caterer,5,0,0,1,2,22,2,1,character switch with caterer's assistant and caterer
210,Integrated,6,0,0,,,,,,,2,0,0,,,,,,
211,A,10,0,5,,,,,,,9,0,3,,,,,,
211,B,13,0,0,,,,,,,12,0,0,,,,,,
211,C,6,0,0,,,,,,,6,0,0,,,,,,
211,D,13,1,1,,,,,,,14,1,1,,,,,,
211,E,27,2,0,,,,,,,23,3,0,,,,,,
211,F,3,0,0,,,,,,,2,0,0,,,,,,
211,G,21,0,0,,,,,,,12,3,0,,,,,,
211,H,7,0,0,,,,,,,6,0,0,,,,,,
211,I,4,0,0,,,,,,,3,0,0,,,,,,
211,J,12,1,0,,,,,,,11,0,0,,,,,,
211,K,7,0,1,,,,,,,6,0,1,,,,,,
211,L,0,0,0,,,,,,,0,0,0,,,,,,
211,Either,1,0,0,9,1,44,0,1,0,11,2,0,14,3,54,0,0,
211,Integrated,12,0,0,,,,,,,2,0,1,,,,,,
212,A,6,0,1,,,,,,,5,0,1,,,,,,
212,B,13,0,0,,,,,,,10,2,0,,,,,,
212,C,0,0,0,,,,,,,0,0,0,,,,,,
212,D,15,0,0,,,,,,,13,0,1,,,,,,
212,E,17,0,3,,,,,,,17,0,1,,,,,,
212,F,1,0,0,,,,,,,2,0,1,,,,,,
212,G,11,0,0,,,,,,,14,0,0,,,,,,
212,H,6,0,0,,,,,,,3,0,0,,,,,,
212,I,2,0,3,,,,,,,2,0,3,,,,,,
212,J,15,0,1,,,,,,,16,0,1,,,,,,
212,K,0,0,0,,,,,,,0,0,0,,,,,,
212,L,2,0,1,,,,,,,3,0,1,,,,,,
212,Either,0,0,0,4,7,50,0,0,0,6,2,0,6,9,41,0,0,
212,Integrated,11,4,0,,,,,,,4,0,0,,,,,,
213,A,15,0,3,,,,,,,15,0,3,,,,,,
213,B,45,2,1,,,,,,,44,4,4,,,,,,
213,C,0,0,0,,,,,,,5,0,0,,,,,,
213,D,27,0,5,,,,,,,19,0,4,,,,,,
213,E,50,0,9,,,,,,,36,0,6,,,,,,
213,F,1,0,2,,,,,,,7,0,1,,,,,,
213,G,33,0,0,,,,,,,29,0,1,,,,,,
213,H,10,0,2,,,,,,,8,1,3,,,,,,
213,I,5,0,2,,,,,,,3,0,3,,,,,,
213,J,32,0,3,,,,,,,25,0,2,,,,,,
213,K,15,0,2,,,,,,,11,0,2,,,,,,
213,L,5,0,0,,,,,,,7,0,2,,,,,,
213,Either,0,0,0,19,6,82,1,1,character switch with Larry,4,0,0,18,8,102,1,2,character switch with larry
213,Integrated,2,0,0,,,,,,,2,0,0,,,,,,
214,A,13,0,2,,,,,,,9,1,4,,,,,,
214,B,16,7,1,,,,,,,10,1,1,,,,,,
214,C,2,0,0,,,,,,,2,0,0,,,,,,
214,D,14,0,0,,,,,,,11,0,2,,,,,,
214,E,21,2,3,,,,,,,14,2,0,,,,,,
214,F,0,0,0,,,,,,,0,0,0,,,,,,
214,G,14,0,1,,,,,,,9,0,1,,,,,,
214,H,7,0,0,,,,,,,3,2,0,,,,,,
214,I,0,0,0,,,,,,,0,0,0,,,,,,
214,J,0,0,0,,,,,,,0,0,0,,,,,,
214,K,0,1,0,,,,,,,2,0,1,,,,,,
214,L,0,0,3,,,,,,,0,0,2,,,,,,
214,Either,0,0,0,7,4,47,0,2,0,3,1,0,15,9,45,0,1,
214,Integrated,13,2,0,,,,,,,0,0,0,,,,,,
215,A,7,0,2,,,,,,,6,0,1,,,,,,
215,B,4,0,0,,,,,,,4,0,0,,,,,,
215,C,4,0,0,,,,,,,2,0,0,,,,,,
215,D,22,0,5,,,,,,,15,0,4,,,,,,
215,E,16,0,1,,,,,,,10,0,1,,,,,,
215,F,0,0,0,,,,,,,0,0,0,,,,,,
215,G,20,0,0,,,,,,,16,0,0,,,,,,
215,H,8,0,0,,,,,,,9,0,0,,,,,,
215,I,0,0,0,,,,,,,0,0,0,,,,,,
215,J,9,0,0,,,,,,,4,0,0,,,,,,
215,K,12,0,4,,,,,,,6,0,3,,,,,,
215,L,0,0,0,,,,,,,0,0,0,,,,,,
215,Either,4,0,0,8,1,39,0,2,0,1,0,1,10,1,46,0,3,
215,Integrated,9,0,0,,,,,,,9,0,0,,,,,,
301,A,14,0,11,,,,,,,18,0,3,,,,,,
301,B,57,0,12,,,,,,,50,0,6,,,,,,
301,C,31,0,22,,,,,,,32,0,14,,,,,,
301,D,49,0,26,,,,,,,51,0,12,,,,,,
301,E,114,2,47,,,,,,,76,4,38,,,,,,
301,F,18,0,2,,,,,,,10,0,1,,,,,,
301,G,63,0,8,,,,,,,55,0,5,,,,,,
301,H,37,0,7,,,,,,,20,1,9,,,,,,
301,I,20,0,1,,,,,,,20,0,3,,,,,,
301,J,52,0,16,,,,,,,48,0,12,,,,,,
301,K,20,0,5,,,,,,,17,0,3,,,,,,
301,L,19,0,1,,,,,,,10,0,4,,,,,,
301,Either,0,0,1,41,15,228,0,0,0,2,0,0,60,22,313,1,0,character switch with Larry
301,Integrated,6,0,1,,,,,,,1,0,0,,,,,,
302,A,9,0,0,,,,,,,8,0,1,,,,,,
302,B,12,2,0,,,,,,,8,4,0,,,,,,
302,C,9,0,0,,,,,,,8,0,0,,,,,,
302,D,19,0,4,,,,,,,10,0,1,,,,,,
302,E,14,1,0,,,,,,,9,0,1,,,,,,
302,F,0,0,0,,,,,,,0,0,0,,,,,,
302,G,18,0,0,,,,,,,9,0,0,,,,,,
302,H,8,0,1,,,,,,,10,1,2,,,,,,
302,I,5,0,2,,,,,,,6,0,3,,,,,,
302,J,10,0,0,,,,,,,10,0,0,,,,,,
302,K,6,0,0,,,,,,,3,0,1,,,,,,
302,L,6,0,0,,,,,,,4,0,0,,,,,,
302,Either,0,0,0,3,8,49,5,0,character switch with Jeff,3,2,1,17,8,55,5,0,Character switch with Jeff
302,Integrated,2,0,0,,,,,,,0,0,0,,,,,,
303,A,2,1,0,,,,,,,2,3,0,,,,,,
303,B,7,0,0,,,,,,,9,0,0,,,,,,
303,C,5,0,0,,,,,,,4,0,1,,,,,,
303,D,15,1,0,,,,,,,15,2,0,,,,,,
303,E,10,1,0,,,,,,,5,3,0,,,,,,
303,F,0,0,0,,,,,,,2,0,0,,,,,,
303,G,29,0,0,,,,,,,33,0,0,,,,,,
303,H,3,0,0,,,,,,,2,0,0,,,,,,
303,I,8,0,0,,,,,,,4,0,2,,,,,,
303,J,23,0,0,,,,,,,21,0,1,,,,,,
303,K,0,0,0,,,,,,,0,0,0,,,,,,
303,L,2,0,0,,,,,,,4,0,0,,,,,,
303,Either,0,0,0,6,8,64,0,0,0,1,0,1,3,10,81,1,character switch with caterer's assistant,
303,Integrated,1,0,0,,,,,,,2,0,0,,,,,,
304,A,16,1,4,,,,,,,11,0,2,,,,,,
304,B,34,0,0,,,,,,,25,0,1,,,,,,
304,C,24,1,0,,,,,,,19,0,3,,,,,,
304,D,20,0,1,,,,,,,18,0,1,,,,,,
304,E,51,0,4,,,,,,,46,0,3,,,,,,
304,F,10,1,0,,,,,,,8,0,1,,,,,,
304,G,56,2,0,,,,,,,51,0,0,,,,,,
304,H,23,1,0,,,,,,,24,0,3,,,,,,
304,I,22,0,5,,,,,,,10,0,5,,,,,,
304,J,64,0,3,,,,,,,46,0,4,,,,,,
304,K,16,1,1,,,,,,,16,0,2,,,,,,
304,L,8,0,0,,,,,,,5,0,2,,,,,,
304,Either,0,0,0,12,13,60,0,0,0,1,1,0,15,13,145,0,0,0
304,Integrated,1,0,0,,,,,,,0,0,0,,,,,,
305,A,6,0,0,,,,,,,5,0,0,,,,,,
305,B,10,0,0,,,,,,,8,0,0,,,,,,
305,C,0,0,0,,,,,,,0,0,0,,,,,,
305,D,12,0,2,,,,,,,6,0,2,,,,,,
305,E,12,0,1,,,,,,,6,0,1,,,,,,
305,F,0,0,0,,,,,,,0,0,0,,,,,,
305,G,7,0,0,,,,,,,5,0,0,,,,,,
305,H,2,0,0,,,,,,,2,0,0,,,,,,
305,I,0,0,0,,,,,,,0,0,0,,,,,,
305,J,9,0,0,,,,,,,4,0,0,,,,,,
305,K,6,0,3,,,,,,,3,0,2,,,,,,
305,L,6,0,0,,,,,,,3,0,0,,,,,,
305,Either,0,0,0,5,2,64,1,1,character switch with Jeff,3,0,0,5,4,62,0,1,0
305,Integrated,3,0,0,,,,,,,4,0,0,,,,,,
306,A,15,0,1,,,,,,,12,0,0,,,,,,
306,B,10,0,0,,,,,,,6,1,1,,,,,,
306,C,0,0,0,,,,,,,0,0,0,,,,,,
306,D,13,0,0,,,,,,,12,0,0,,,,,,
306,E,31,0,0,,,,,,,23,0,0,,,,,,
306,F,3,0,1,,,,,,,2,0,2,,,,,,
306,G,22,0,1,,,,,,,24,0,2,,,,,,
306,H,7,0,0,,,,,,,7,0,0,,,,,,
306,I,3,0,0,,,,,,,3,0,0,,,,,,
306,J,20,0,1,,,,,,,23,0,3,,,,,,
306,K,0,0,0,,,,,,,0,0,0,,,,,,
306,L,0,0,0,,,,,,,0,0,0,,,,,,
306,Either,0,0,0,6,1,38,0,0,0,0,0,0,14,1,38,7,1,
306,Integrated,4,0,0,,,,,,,2,0,0,,,,,,
307,A,11,3,1,,,,,,,8,1,1,,,,,,
307,B,15,0,0,,,,,,,14,1,0,,,,,,
307,C,9,1,1,,,,,,,4,2,1,,,,,,
307,D,15,4,0,,,,,,,15,3,1,,,,,,
307,E,14,1,0,,,,,,,12,0,1,,,,,,
307,F,6,2,0,,,,,,,9,0,0,,,,,,
307,G,25,6,1,,,,,,,29,5,0,,,,,,
307,H,12,1,0,,,,,,,8,0,0,,,,,,
307,I,5,0,1,,,,,,,4,0,1,,,,,,
307,J,48,3,0,,,,,,,34,3,4,,,,,,
307,K,11,0,2,,,,,,,14,2,0,,,,,,
307,L,3,2,0,,,,,,,8,0,0,,,,,,
307,Either,0,0,1,13,2,76,0,3,0,4,1,1,18,4,100,2,1,character switch with larry
307,Integrated,15,2,0,,,,,,,8,1,0,,,,,,
308,A,11,2,4,,,,,,,7,0,4,,,,,,
308,B,22,0,0,,,,,,,13,3,0,,,,,,
308,C,15,0,2,,,,,,,12,0,2,,,,,,
308,D,20,2,6,,,,,,,18,1,2,,,,,,
308,E,57,0,6,,,,,,,42,2,6,,,,,,
308,F,12,0,0,,,,,,,8,0,2,,,,,,
308,G,79,4,0,,,,,,,53,0,1,,,,,,
308,H,13,0,1,,,,,,,14,0,2,,,,,,
308,I,8,0,0,,,,,,,6,0,1,,,,,,
308,J,58,0,2,,,,,,,38,2,3,,,,,,
308,K,14,0,1,,,,,,,11,0,2,,,,,,
308,L,2,0,0,,,,,,,1,0,1,,,,,,
308,Either,0,0,1,28,10,161,2,2,character switch with Jeff; character switch with Mike,5,3,1,47,14,233,2,6,character switch with Larry
308,Integrated,18,1,2,,,,,,,9,0,1,,,,,,
309,A,1,0,0,,,,,,,1,0,0,,,,,,
309,B,24,1,1,,,,,,,22,1,0,,,,,,
309,C,16,0,0,,,,,,,10,0,0,,,,,,
309,D,26,0,1,,,,,,,19,0,2,,,,,,
309,E,15,0,0,,,,,,,8,0,0,,,,,,
309,F,7,0,0,,,,,,,7,0,0,,,,,,
309,G,28,0,1,,,,,,,29,0,0,,,,,,
309,H,19,0,0,,,,,,,14,0,1,,,,,,
309,I,7,0,1,,,,,,,7,0,0,,,,,,
309,J,26,0,2,,,,,,,20,1,0,,,,,,
309,K,6,0,0,,,,,,,7,0,0,,,,,,
309,L,6,0,0,,,,,,,2,0,1,,,,,,
309,Either,0,0,0,11,3,78,0,1,0,1,1,0,16,2,96,1,1,character switch with cheryl
309,Integrated,4,0,0,,,,,,,2,0,0,,,,,,
310,A,7,0,0,,,,,,,7,0,0,,,,,,
310,B,28,1,0,,,,,,,20,1,0,,,,,,
310,C,5,0,1,,,,,,,9,0,0,,,,,,
310,D,25,0,0,,,,,,,19,0,2,,,,,,
310,E,22,0,0,,,,,,,14,0,2,,,,,,
310,F,4,0,0,,,,,,,2,0,0,,,,,,
310,G,40,0,0,,,,,,,33,0,0,,,,,,
310,H,12,0,0,,,,,,,9,1,0,,,,,,
310,I,3,0,0,,,,,,,2,0,1,,,,,,
310,J,20,0,0,,,,,,,15,0,1,,,,,,
310,K,0,0,0,,,,,,,0,0,0,,,,,,
310,L,9,0,0,,,,,,,6,0,0,,,,,,
310,Either,0,0,0,8,3,56,1,1,character switch with Larry,0,0,0,12,4,69,0,1,
310,Integrated,8,0,0,,,,,,,5,0,0,,,,,,
311,A,9,1,0,,,,,,,5,2,1,,,,,,
311,B,15,0,1,,,,,,,14,2,0,,,,,,
311,C,5,0,0,,,,,,,4,0,0,,,,,,
311,D,8,0,0,,,,,,,8,0,1,,,,,,
311,E,16,0,2,,,,,,,9,3,1,,,,,,
311,F,0,0,0,,,,,,,0,0,0,,,,,,
311,G,11,0,0,,,,,,,12,0,0,,,,,,
311,H,3,0,0,,,,,,,4,0,0,,,,,,
311,I,5,0,2,,,,,,,2,2,2,,,,,,
311,J,12,0,0,,,,,,,14,0,0,,,,,,
311,K,2,0,1,,,,,,,0,0,1,,,,,,
311,L,6,0,0,,,,,,,2,0,3,,,,,,
311,Either,2,0,0,0,6,29,0,1,0,2,0,0,5,7,33,0,1,
311,Integrated,13,0,0,,,,,,,2,0,0,,,,,,
312,A,14,3,2,,,,,,,9,0,1,,,,,,
312,B,13,4,0,,,,,,,10,2,0,,,,,,
312,C,3,2,3,,,,,,,4,0,1,,,,,,
312,D,20,0,3,,,,,,,13,0,3,,,,,,
312,E,15,0,2,,,,,,,14,0,2,,,,,,
312,F,2,0,0,,,,,,,2,0,0,,,,,,
312,G,40,4,3,,,,,,,19,5,2,,,,,,
312,H,16,0,0,,,,,,,9,1,2,,,,,,
312,I,5,0,0,,,,,,,2,0,0,,,,,,
312,J,38,0,0,,,,,,,22,0,2,,,,,,
312,K,14,0,0,,,,,,,13,0,1,,,,,,
312,L,3,0,1,,,,,,,2,0,2,,,,,,
312,Either,1,0,2,18,6,67,2,1,character switch with Julie; character switch with Larry,10,2,1,19,8,84,4,3,character switch with Cheryl
312,Integrated,25,2,0,,,,,,,18,0,1,,,,,,
313,A,11,0,2,,,,,,,8,0,2,,,,,,
313,B,24,2,0,,,,,,,20,2,0,,,,,,
313,C,6,1,0,,,,,,,6,0,0,,,,,,
313,D,18,0,0,,,,,,,12,0,1,,,,,,
313,E,26,1,2,,,,,,,16,0,1,,,,,,
313,F,6,3,0,,,,,,,5,2,0,,,,,,
313,G,34,0,0,,,,,,,24,0,0,,,,,,
313,H,12,0,0,,,,,,,6,2,0,,,,,,
313,I,5,0,0,,,,,,,7,0,0,,,,,,
313,J,36,0,1,,,,,,,24,0,1,,,,,,
313,K,8,0,1,,,,,,,3,1,1,,,,,,
313,L,2,4,0,,,,,,,6,0,0,,,,,,
313,Either,0,0,0,3,6,38,5,5,character switch with Jeff; character switch with Larry,0,0,0,12,4,67,9,3,"character switch with Jeff, Cheryl and Maggie"
313,Integrated,7,4,0,,,,,,,2,0,0,,,,,,
314,A,8,2,0,,,,,,,7,2,0,,,,,,
314,B,20,0,0,,,,,,,16,0,0,,,,,,
314,C,8,0,0,,,,,,,6,0,0,,,,,,
314,D,19,0,1,,,,,,,12,0,4,,,,,,
314,E,23,0,0,,,,,,,12,0,0,,,,,,
314,F,5,0,1,,,,,,,6,0,0,,,,,,
314,G,22,0,0,,,,,,,22,2,0,,,,,,
314,H,7,0,2,,,,,,,6,0,1,,,,,,
314,I,5,0,0,,,,,,,5,0,0,,,,,,
314,J,26,0,1,,,,,,,13,0,5,,,,,,
314,K,8,0,1,,,,,,,2,0,0,,,,,,
314,L,6,2,0,,,,,,,3,1,1,,,,,,
314,Either,0,0,0,0,12,34,3,0,"character switch with Larry, Cheryl, the caterer",1,0,0,7,9,27,1,1,character switch with Larry
314,Integrated,6,0,0,,,,,,,8,0,0,,,,,,
315,A,9,2,2,,,,,,,5,1,1,,,,,,
315,B,12,1,0,,,,,,,4,4,0,,,,,,
315,C,6,0,0,,,,,,,4,0,2,,,,,,
315,D,18,4,3,,,,,,,13,3,4,,,,,,
315,E,31,0,2,,,,,,,25,0,1,,,,,,
315,F,0,0,0,,,,,,,0,0,0,,,,,,
315,G,41,0,0,,,,,,,30,0,0,,,,,,
315,H,10,2,0,,,,,,,11,0,0,,,,,,
315,I,3,0,2,,,,,,,2,0,3,,,,,,
315,J,0,0,0,,,,,,,0,0,0,,,,,,
315,K,17,1,4,,,,,,,6,2,2,,,,,,
315,L,0,0,0,,,,,,,0,0,0,,,,,,
315,Either,0,0,2,14,8,28,1,2,character switch with Jeff,5,1,1,21,3,36,0,3,
315,Integrated,0,0,2,,,,,,,8,0,1,,,,,,
217,A,2,0,0,,,,,,,0,0,0,,,,,,
217,B,11,0,0,,,,,,,10,1,0,,,,,,
217,C,6,0,0,,,,,,,7,0,0,,,,,,
217,D,20,0,1,,,,,,,17,0,1,,,,,,
217,E,19,0,4,,,,,,,12,0,3,,,,,,
217,F,1,0,0,,,,,,,1,0,0,,,,,,
217,G,33,0,0,,,,,,,21,0,0,,,,,,
217,H,2,0,0,,,,,,,4,0,0,,,,,,
217,I,0,0,0,,,,,,,0,0,0,,,,,,
217,J,6,0,0,,,,,,,8,0,0,,,,,,
217,K,10,0,1,,,,,,,8,0,0,,,,,,
217,L,1,3,0,,,,,,,2,1,0,,,,,,
217,Either,3,0,0,10,4,61,1,1,character switch with Jeff,7,0,0,8,2,55,0,0,
217,Integrated,17,0,0,,,,,,,0,0,0,,,,,,
218,A,14,0,4,,,,,,,8,0,2,,,,,,
218,B,15,0,1,,,,,,,13,0,2,,,,,,
218,C,9,0,2,,,,,,,3,0,3,,,,,,
218,D,27,0,4,,,,,,,14,0,3,,,,,,
218,E,26,0,3,,,,,,,21,0,6,,,,,,
218,F,4,0,4,,,,,,,2,0,0,,,,,,
218,G,37,1,0,,,,,,,27,1,0,,,,,,
218,H,18,0,2,,,,,,,16,0,1,,,,,,
218,I,0,0,0,,,,,,,0,0,0,,,,,,
218,J,28,0,0,,,,,,,19,0,0,,,,,,
218,K,11,0,1,,,,,,,6,0,1,,,,,,
218,L,3,0,0,,,,,,,1,0,0,,,,,,
218,Either,3,0,4,25,2,241,2,10,character switch with Jeff,9,0,3,31,1,193,2,2,character switch with Jeff and Larry
218,Integrated,15,1,1,,,,,,,8,0,0,,,,,,
219,A,15,0,2,,,,,,,10,0,4,,,,,,
219,B,28,1,0,,,,,,,21,1,0,,,,,,
219,C,2,0,3,,,,,,,4,0,2,,,,,,
219,D,28,0,5,,,,,,,24,0,6,,,,,,
219,E,38,0,6,,,,,,,21,1,3,,,,,,
219,F,5,0,1,,,,,,,4,0,3,,,,,,
219,G,34,0,2,,,,,,,25,0,5,,,,,,
219,H,12,0,2,,,,,,,10,0,2,,,,,,
219,I,5,0,3,,,,,,,3,2,4,,,,,,
219,J,27,0,3,,,,,,,30,0,0,,,,,,
219,K,0,0,0,,,,,,,0,0,0,,,,,,
219,L,3,0,0,,,,,,,1,0,0,,,,,,
219,Either,0,0,0,12,6,116,1,7,character switch with Mike's wife,5,0,0,13,5,78,1,3,character switch with Cheryl
219,Integrated,14,0,0,,,,,,,2,0,0,,,,,,
316,A,4,1,0,,,,,,,3,0,1,,,,,,
316,B,25,0,0,,,,,,,21,0,2,,,,,,
316,C,1,0,0,,,,,,,1,0,0,,,,,,
316,D,14,0,2,,,,,,,14,0,2,,,,,,
316,E,7,1,0,,,,,,,5,1,0,,,,,,
316,F,3,0,0,,,,,,,2,0,0,,,,,,
316,G,4,0,0,,,,,,,4,0,0,,,,,,
316,H,0,0,0,,,,,,,0,0,0,,,,,,
316,I,0,0,0,,,,,,,0,0,0,,,,,,
316,J,7,0,0,,,,,,,6,0,0,,,,,,
316,K,2,0,0,,,,,,,3,0,2,0,1,35,2,0,character switch with Mike and with the caterer
316,L,0,0,0,,,,,,,0,0,0,,,,,,
316,Either,2,0,0,1,1,32,2,0,character switch with Mike and the caterer,3,2,0,,,,,,
316,Integrated,9,0,2,,,,,,,0,0,0,,,,,,
317,A,15,0,4,,,,,,,11,0,2,,,,,,
317,B,32,0,0,,,,,,,22,0,2,,,,,,
317,C,0,0,0,,,,,,,0,0,0,,,,,,
317,D,17,0,0,,,,,,,13,0,1,,,,,,
317,E,21,0,3,,,,,,,20,0,0,,,,,,
317,F,0,0,0,,,,,,,0,0,0,,,,,,
317,G,25,0,2,,,,,,,23,0,1,,,,,,
317,H,3,0,0,,,,,,,1,0,0,,,,,,
317,I,5,0,0,,,,,,,3,0,2,,,,,,
317,J,15,0,0,,,,,,,11,0,0,,,,,,
317,K,0,0,0,,,,,,,0,0,0,,,,,,
317,L,5,0,3,,,,,,,3,0,3,,,,,,
317,Either,0,0,0,3,3,37,0,2,,0,2,0,7,4,24,0,2,
317,Integrated,8,0,0,,,,,,,0,0,0,,,,,,
318,A,13,0,2,,,,,,,7,0,3,,,,,,
318,B,0,0,0,,,,,,,0,0,0,,,,,,
318,C,5,0,0,,,,,,,5,0,0,,,,,,
318,D,4,0,0,,,,,,,4,0,0,,,,,,
318,E,10,0,0,,,,,,,6,0,0,,,,,,
318,F,0,0,0,,,,,,,0,0,0,,,,,,
318,G,8,0,0,,,,,,,7,0,1,,,,,,
318,H,12,0,0,,,,,,,10,0,0,,,,,,
318,I,3,0,1,,,,,,,2,0,0,,,,,,
318,J,11,0,0,,,,,,,13,0,0,,,,,,
318,K,0,0,0,,,,,,,0,0,0,,,,,,
318,L,3,0,0,,,,,,,3,0,0,,,,,,
318,Either,0,0,0,3,1,40,0,1,,3,0,0,1,1,29,1,0,character switch with Larry
318,Integrated,2,0,0,,,,,,,1,0,0,,,,,,
319,A,15,2,1,,,,,,,9,0,2,,,,,,
319,B,35,2,0,,,,,,,25,5,0,,,,,,
319,C,7,0,0,,,,,,,7,0,1,,,,,,
319,D,22,0,0,,,,,,,13,0,2,,,,,,
319,E,26,2,3,,,,,,,15,0,4,,,,,,
319,F,11,0,1,,,,,,,6,0,1,,,,,,
319,G,40,0,0,,,,,,,15,2,2,,,,,,
319,H,8,0,0,,,,,,,10,0,0,,,,,,
319,I,10,0,1,,,,,,,7,0,0,,,,,,
319,J,32,0,2,,,,,,,19,0,0,,,,,,
319,K,7,0,0,,,,,,,3,0,0,,,,,,
319,L,8,1,0,,,,,,,3,0,2,,,,,,
319,Either,1,0,1,41,18,108,0,4,,3,1,1,28,12,76,0,0,
319,Integrated,29,1,0,,,,,,,9,0,0,,,,,,
220,A,7,0,6,,,,,,,3,0,6,,,,,,
220,B,3,0,3,,,,,,,3,1,1,,,,,,
220,C,0,0,0,,,,,,,0,0,0,,,,,,
220,D,4,2,1,,,,,,,5,2,2,,,,,,
220,E,5,0,0,,,,,,,6,0,0,,,,,,
220,F,0,0,0,,,,,,,0,0,0,,,,,,
220,G,1,0,0,,,,,,,0,0,0,,,,,,
220,H,0,0,0,,,,,,,0,0,0,,,,,,
220,I,0,0,0,,,,,,,0,0,0,,,,,,
220,J,0,0,0,,,,,,,0,0,0,,,,,,
220,K,0,0,0,,,,,,,0,0,0,,,,,,
220,L,0,0,0,,,,,,,0,0,0,,,,,,
220,Either,0,0,0,0,1,18,0,0,,0,1,0,0,0,19,0,0,
220,Integrated,4,0,0,,,,,,,0,0,0,,,,,,
221,A,14,0,7,,,,,,,11,0,3,,,,,,
221,B,29,0,1,,,,,,,17,0,0,,,,,,
221,C,17,0,0,,,,,,,13,0,0,,,,,,
221,D,20,0,1,,,,,,,19,0,0,,,,,,
221,E,42,0,11,,,,,,,29,1,2,,,,,,
221,F,0,0,0,,,,,,,0,0,0,,,,,,
221,G,38,0,2,,,,,,,30,1,2,,,,,,
221,H,14,0,0,,,,,,,9,0,0,,,,,,
221,I,6,0,2,,,,,,,3,0,3,,,,,,
221,J,0,0,0,,,,,,,0,0,0,,,,,,
221,K,12,0,2,,,,,,,11,0,0,,,,,,
221,L,1,0,3,,,,,,,1,0,2,,,,,,
221,Either,2,1,0,6,3,40,0,0,,0,0,0,8,0,90,0,0,
221,Integrated,10,0,0,,,,,,,0,0,0,,,,,,
320,A,10,0,7,,,,,,,7,0,3,,,,,,
320,B,16,0,12,,,,,,,25,0,6,,,,,,
320,C,15,0,7,,,,,,,16,0,0,,,,,,
320,D,40,2,10,,,,,,,25,1,0,,,,,,
320,E,114,2,27,,,,,,,63,1,12,,,,,,
320,F,12,0,11,,,,,,,8,0,5,,,,,,
320,G,58,0,9,,,,,,,49,0,0,,,,,,
320,H,23,0,15,,,,,,,21,0,2,,,,,,
320,I,11,0,18,,,,,,,11,0,9,,,,,,
320,J,58,0,11,,,,,,,33,0,3,,,,,,
320,K,14,0,6,,,,,,,6,0,1,,,,,,
320,L,8,0,6,,,,,,,8,0,0,,,,,,
320,Either,2,0,0,45,18,86,1,30,character switch with Julie,2,0,1,38,14,153,4,0,"character switch with Larry, Cheryl and Mike"
320,Integrated,14,1,0,,,,,,,12,0,0,,,,,,
216,A,9,2,8,,,,,,,8,1,2,,,,,,
216,B,33,7,0,,,,,,,21,1,0,,,,,,
216,C,19,1,5,,,,,,,12,1,0,,,,,,
216,D,36,2,5,,,,,,,24,2,0,,,,,,
216,E,58,7,17,,,,,,,35,4,0,,,,,,
216,F,15,0,0,,,,,,,10,0,0,,,,,,
216,G,59,2,0,,,,,,,36,1,1,,,,,,
216,H,14,3,0,,,,,,,5,4,0,,,,,,
216,I,5,0,0,,,,,,,4,0,0,,,,,,
216,J,41,0,1,,,,,,,30,0,0,,,,,,
216,K,15,2,2,,,,,,,14,0,0,,,,,,
216,L,2,0,0,,,,,,,0,1,0,,,,,,
216,Either,6,1,0,40,12,151,13,2,character switch with Larry and homeless man,1,0,0,53,8,229,3,3,character switch with Larry 
216,Integrated,23,4,0,,,,,,,0,1,0,,,,,,